record_type;run_id;reference;priority;scope;organization;actor;test_data;precondition;expected_result;execution_status;observed_result;evidence;executor;notes
MANIFEST;P4.6-20260925-R1;RECETTE_PHASE4.6;P0;Phase 4.6;N/A;N/A;Jeu de données synthétique, aucune donnée personnelle ni secret;API locale prête et contrôles automatisés exécutés;Recette automatisée documentée sans confondre les scénarios complets et non joués;PASS;E2E-01 à E2E-12 validés, verrou local final avec 345 pytest, 216 Vitest et 44 parcours Axe sans skip, dont E2E-07 avec 429 quota, deux 503 fermés et retour au vert;docs/RECETTE_PHASE4.6.md + test-results/pytest-quality.xml + test-results/vitest.xml;Utilisateur et Codex;GO de clôture locale reçu le 2026-09-30. Le pipeline Azure doit publier les preuves sur le commit de clôture. META-EXT-01 reste externe.
DATASET;P4.6-20260925-R1;ORG-A;P0;Tenant;ORG-A;A-MANAGER;Organisation française, fuseau America/Toronto;Organisation de test à provisionner;Données limitées à ORG-A;NOT RUN;;; ;Créer sans donnée réelle.
DATASET;P4.6-20260925-R1;ORG-B;P0;Tenant;ORG-B;B-ADMIN;Organisation anglaise, fuseau UTC;Organisation de test à provisionner;Données limitées à ORG-B;NOT RUN;;;;Créer sans donnée réelle.
DATASET;P4.6-20260925-R1;A-MANAGER;P0;Rôle;ORG-A;A-MANAGER;Compte synthétique manager;Compte à créer localement;Autorisations manager disponibles;NOT RUN;;;;Ne jamais inscrire le mot de passe.
DATASET;P4.6-20260925-R1;A-SALES-1;P1;Rôle;ORG-A;A-SALES-1;Compte synthétique commercial;Compte à créer localement;Autorisations commercial disponibles;NOT RUN;;;;Ne jamais inscrire le mot de passe.
DATASET;P4.6-20260925-R1;P4-ALPHA-20260926;P0;Prospect et opportunité;ORG-A;A-ADMIN-AUTEUR;Prospect P4-ALPHA-2, activité interne, tâche TASK-001 et opportunité OPP-E2E gagnée;ORG-A prête, A-SALES-1 actif, alias absent;Un prospect affecté, une transition pipeline, une activité, une tâche et une opportunité gagnée sans doublon;PASS;Prospect c5aa96eb-0886-4457-aa6d-ed054ed9f0fb et opportunité 7353e865-9e8a-458d-ad88-77ea44365500 rapprochés;captures utilisateur E2E-02 et réponses API;Utilisateur;Exécuté le 2026-09-27. Ne pas purger avant E2E-12.
DATASET;P4.6-20260925-R1;CSV-01;P0;Import et quarantaine;ORG-A;A-ADMIN-AUTEUR;P4_6_IMPORT_VALID.csv (2 lignes) et P4_6_IMPORT_QUARANTAINE.csv (2 lignes);Acquisition CSV approuvée avec cinq data_categories, valid_from échue, neuf declared_field_codes et mapping prospect_contacts_v1 prêt;Deux créations, deux doublons au rejeu et deux quarantaines sans fichier brut conservé;NOT RUN;Acquisition cc0b81c9-c9fd-4063-878d-e1c2db61e41a approuvée avec les cinq catégories et déclaration CSV-VALID-01-R4 créée en état declared;capture utilisateur et réponse API acquisition;Utilisateur;Préparation validée le 2026-09-27. Le volume 20 de la déclaration est estimatif. Conserver les anciennes déclarations category_not_acquired pour l'audit.
DATASET;P4.6-20260925-R1;EXPORT-01;P0;Export privé asynchrone;ORG-A / ORG-B;A-MANAGER ou A-SALES-1 / B-ADMIN;Jeu prospects issu de P4-ALPHA-2, QA-P46-ALPHA et QA-P46-BETA;E2E-02 et E2E-03 conservés, worker export actif, capacités exports:create/read/download (ou portée self), téléchargement hors dépôt;Un artefact ready idempotent, CSV allowlisté téléchargeable par ORG-A et refusé indistinctement depuis ORG-B;NOT RUN;;;Codex;Préparation E2E-04. Conserver export_id et artefact jusqu'à E2E-05/E2E-12 sans consigner les lignes, chemin local, cookie ou jeton.
DATASET;P4.6-20260925-R1;META-SIM-01;P0;Connecteur;ORG-A;A-MANAGER;Événement Meta simulé avec identifiant déterministe;Fournisseur simulé à configurer;Création sans doublon dans ORG-A;NOT RUN;;;;Aucun appel au service Meta réel.
SCENARIO;P4.6-20260925-R1;E2E-01;P0;Connexion et tenant;ORG-A puis ORG-B;A-MANAGER / B-ADMIN;ORG-A, ORG-B;API locale prête;Connexion et bascule, données bornées au tenant actif;PASS;Tableau de bord affiché en français et en anglais avec l'organisation active visible, les sélecteurs de périmètre et de période, et l'état vide cohérent dans chaque vue;captures utilisateur FR/EN;Utilisateur;Validé interactuellement le 2026-09-26.
SCENARIO;P4.6-20260925-R1;E2E-02;P0;Prospect, pipeline et activités;ORG-A;A-ADMIN-AUTEUR;P4-ALPHA-2, responsable A-SALES-1, activité interne, tâche TASK-001, opportunité OPP-E2E CAD;Prévol prêt, alias absent, capacités CRM disponibles;Prospect, activité, tâche et opportunité gagnée visibles, versions et compteurs Dashboard cohérents;PASS;Prospect c5aa96eb-0886-4457-aa6d-ed054ed9f0fb en Qualification, activité et TASK-001 visibles, OPP-E2E passée de negotiation version 5 à won version 6 avec probabilité 100 et 10000 CAD pondérés;captures utilisateur E2E-02 et réponses API;Utilisateur;Validé le 2026-09-27. Aucun doublon observé. Ne pas purger avant E2E-12.
SCENARIO;P4.6-20260925-R1;E2E-03;P0;Import CSV et quarantaine;ORG-A;A-ADMIN-AUTEUR;CSV-01, acquisition approuvée, trois déclarations et mapping prospect_contacts_v1;Prévol prêt, fournisseur CSV actif, acquisition approuvée;Deux créations, deux doublons au rejeu, deux lignes en quarantaine et aucun fichier brut conservé;PASS;Premier import confirmé (lot ee158e94-336f-4ab2-819f-bb1f7ce39ec9) avec created_count=2, quarantaine confirmée (lot 3b83de24-917d-4469-99aa-8730839cb78f) avec quarantined_count=2, puis rejeu confirmé le 2026-09-30 (lot 89b1cdab-2221-4435-a99b-c446da58c495, session 700ab1cf-a3bf-462f-b6a9-462af6609cad) avec created_count=0 duplicate_count=2 review_count=0 quarantined_count=0;docs/RECETTE_PHASE4.6_INTERACTIVE.md#résultat-du-rejeu-csv-constaté-le-30-septembre-2026;Utilisateur et Codex;E2E-03 clôturé sans nouveau prospect créé par le rejeu.
SCENARIO;P4.6-20260925-R1;E2E-04;P0;Export asynchrone;ORG-A puis ORG-B;A-MANAGER puis B-ADMIN;Dataset prospects issu de E2E-02/E2E-03, portée organization si autorisée sinon self, clé E2E-04-EXPORT-<suffixe>;Prévol ready, données P4-ALPHA-2 QA-P46-ALPHA QA-P46-BETA conservées, worker export actif, capacités exports:create/read/download, téléchargement hors dépôt;Une demande idempotente queued-running-ready, un artefact privé, compteurs row_count/omitted_count rapprochés, CSV allowlisté et téléchargement refusé indistinctement depuis ORG-B;PASS;Validation interactive utilisateur le 2026-09-27 : exports bb8d92dc-2803-46fe-b891-43586d6db56a et 282eea94-0d7f-4401-a5ee-ffc81c7b29e9 téléchargés avec succès, CSV de 7 colonnes allowlistées, et contrôle d'isolation ORG-B validé. Les demandes précédentes 410 sont conservées comme incident de l'ancien processus API;docs/RECETTE_PHASE4.6_INTERACTIVE.md#fiche-de-test-détaillée--e2e-04;Utilisateur;Runtime Docker API/worker sur volume nommé. Ne consigner ni lignes CSV, chemin local, cookie ni jeton.
SCENARIO;P4.6-20260925-R1;E2E-05;P1;Reprise worker;ORG-A;A-MANAGER;Nouvelle demande d'export prospects interrompue pendant running;Runtime Docker avec volume nommé, un worker puis deux répliques;Reprise tracée, ancien bail clôturé, un seul artefact et aucun provisoire;PASS;Validation interactive le 2026-09-28 : job 3904eb16-ab93-48af-9e8f-fdb2a3bf0b11 interrompu pendant running puis succeeded avec attempt_count=2, artifacts=1 et temporary_files=0. Export 188e15b7-9af7-48ca-a511-d4954db0289f téléchargé avec CSV allowlisté de 7 colonnes.;capture terminal E2E-05 et artefact téléchargé;Utilisateur et Codex;Deux workers recréés après expiration du bail. Ne consigner ni jeton, cookie, chemin local ni contenu CSV.
SCENARIO;P4.6-20260925-R1;E2E-06;P1;Google simulé et usage;ORG-A;A-MANAGER;USAGE-01;Simulateur local activable et parcours détaillé disponible;Une réservation, une tentative et un succès rapprochés dans les deux portées sans donnée Google durable;PASS;E2E06_CONTAINER=PASS : deux résultats synthétiques, quota personnel et organisationnel 0 vers 1, réservation tentative succès plus 1, Maps Static inchangé et zéro colonne durable sensible;sortie Invoke-E2E06ContainerVerification.ps1;Utilisateur et Codex;Validé le 2026-09-28 par parcours de services Docker. Aucun appel Google réel. L'affichage navigateur reste couvert par les tests client.
SCENARIO;P4.6-20260925-R1;E2E-07;P1;Quota et indisponibilité;ORG-A;A-MANAGER;USAGE-01;Tests API disponibles;Erreur métier claire, aucune fuite de tenant;PASS;E2E-07_SCRIPT=PASS avec 28 tests. En navigateur le plafond synthétique a renvoyé HTTP 429 google_quota_exceeded portée user, le verrou réel du registre durable HTTP 503 usage_tracking_unavailable et la pause Redis HTTP 503 authentication_unavailable avec message explicite. Après restauration Redis et PostgreSQL sont ok, l'API est ready et en mode Google live, et Usage affiche le quota courant organisation 12 sur 100.;test-results/phase-4-6/scripted/e2e-07.xml et docs/RECETTE_PHASE4.6_INTERACTIVE.md;Utilisateur et Codex;Observé le 2026-09-30. Requêtes 429 647eea9e65c54f99b8c45eb48c38a5a4, 503 registre 59aba15262b04f2f9d9f2ac13dd0988c et 503 Redis c9aa64e7a05d478896f7826bc2f5785a. Reprise et configuration live vérifiées.
SCENARIO;P4.6-20260925-R1;E2E-08;P0;Meta pilote simulé;ORG-A;A-MANAGER;META-SIM-01;Tests connecteur disponibles;Liaison visible et prospect associé à ORG-A;PASS;Webhook signé accepté en HTTP 200, ingestion et job succeeded en une tentative, résultat imported, un prospect/contact/provenance créés, deux canaux et deux permissions allowed;test-results/phase-4-6/scripted/e2e-08.xml + docs/RECETTE_PHASE4.6.md;Codex;Aucun appel Meta réel, secrets synthétiques uniquement.
SCENARIO;P4.6-20260925-R1;E2E-09;P0;Webhook idempotent et révocation;ORG-A;A-MANAGER;META-SIM-01 rejoué;Tests cryptographiques disponibles;Pas de doublon, liaison révoquée;PASS;6 tests passés dans PostgreSQL isolé : signature, admission, rejeu durable, transitions worker, reconstruction Alembic et révocation validés;test-results/pytest-quality.xml + docs/RECETTE_PHASE4.6.md;Codex;Aucun appel Meta réel, composition WSL Ubuntu-24.04.
SCENARIO;P4.6-20260925-R1;E2E-10;P0;Rôles et isolation;ORG-A / ORG-B;A-MANAGER / A-SALES-1 / B-ADMIN;Ressource ORG-A;Tests API et domaine disponibles;Accès conforme au rôle et refus inter organisation;PASS;4 tests RLS PostgreSQL passés : contexte absent, lecture croisée, mutation inter organisation, réutilisation de connexion et rôles SQL validés;test-results/pytest-quality.xml + docs/RECETTE_PHASE4.6.md;Codex;Composition isolée WSL Ubuntu-24.04, aucun accès inter tenant observé.
SCENARIO;P4.6-20260925-R1;E2E-11-AUTO;P0;Accessibilité automatisée;Toutes;N/A;44 parcours de navigateur;Client local démarré;Aucune violation Axe sur les 44 parcours;PASS;44 parcours, 22 routes par langue, zéro violation;test-results/phase-4-6/browser-axe-recette.json;Codex;Exécuté le 2026-09-25.
SCENARIO;P4.6-20260925-R1;E2E-11-MANUAL;P1;Accessibilité manuelle;ORG-A;admin2;Clavier, zoom 200 %, FR/EN, états vide et erreur;Application locale démarrée;Navigation exploitable et libellés cohérents;PASS;Quatre passages manuels validés le 2026-09-30 : huit routes en français et anglais, clavier et focus visible, petit écran et zoom 200 %, état vide explicite et erreur réversible;docs/RECETTE_PHASE4.6_INTERACTIVE.md#résultat-observé--30-septembre-2026;Utilisateur;Captures assainies fournies pour la recette. Aucun écart bloquant observé.
SCENARIO;P4.6-20260925-R1;E2E-12;P1;Purge de recette;ORG-A / ORG-B;A-MANAGER / B-ADMIN;PURGE-01;Tests de rétention disponibles;Données synthétiques supprimées et compteurs consignés;PASS;11 tests de rétention verts en 8,48 s, 2 candidats archivés via API puis E2E12_PURGE=PASS candidates_before=2 candidates_after=0, contacts et canaux archivés : 0 pour chaque candidat;test-results/phase-4-6/scripted/e2e-12.xml et sortie Invoke-E2E12ArchiveCandidates.ps1;Utilisateur;Candidats 0cad33e8-95ee-44ff-a790-8c01c35b76f9 version 8 vers 9 et c5aa96eb-0886-4457-aa6d-ed054ed9f0fb version 2 vers 3. Archivage logique avec audit, aucune suppression SQL directe.
CONTROL;P4.6-20260925-R1;AUT-LOCK;P0;Verrou qualité;N/A;N/A;345 tests backend, 216 frontend, Axe 44 parcours;Tête Alembic 20260929_0030;Verrou local vert sans skip;PASS;345 backend, 216 frontend, Axe 44 parcours, audit npm sans vulnérabilité et build Vite vert;test-results/pytest-quality.xml + test-results/vitest.xml + test-results/phase-4-6/browser-axe.json;Utilisateur et Codex;Exécuté le 2026-09-30. Pipeline Azure requis sur le commit de clôture.
CONTROL;P4.6-20260925-R1;AUT-RECETTE;P0;Recette automatisée;N/A;Codex;49 tests ciblés, 18 workflows API, 44 parcours Axe;API locale et client local disponibles;Contrats Phase 4 et accessibilité automatisée vérifiés;PASS;67 tests ciblés, zéro échec, zéro skip, Axe 44 sur 44, puis verrou local complet vert;test-results/phase-4-6 + test-results/pytest-quality.xml + test-results/vitest.xml;Codex;Le verrou WSL complet est vert le 2026-09-30. Pipeline Azure requis sur le commit de clôture.
EXTERNAL;P4.6-20260925-R1;META-EXT-01;P1;Meta Lead Ads réel;N/A;N/A;Compte et formulaire Meta réels;Autorisation externe et revue préalable;Validation contractuelle et connecteur réel;BLOCKED;;À ajouter après autorisation;;Blocage externe, hors recette locale.
